EpochTimestamp,EmotiBitTimestamp,PacketNumber,DataLength,TypeTag,ProtocolVersion,DataReliability,B%
1618271614.702331,1512562.000,8096,1,B%,1,100,24
1618271615.702250,1513531.000,8258,1,B%,1,100,24
1618271616.699073,1514497.000,8438,1,B%,1,100,24
1618271617.700024,1515467.000,8599,1,B%,1,100,24
1618271618.695816,1516432.000,8779,1,B%,1,100,24
1618271619.694703,1517400.000,8929,1,B%,1,100,24
1618271620.690494,1518365.000,9109,1,B%,1,100,24
1618271621.692477,1519336.000,9288,1,B%,1,100,23
1618271622.690332,1520303.000,9466,1,B%,1,100,24
1618271623.689219,1521271.000,9628,1,B%,1,100,24
1618271624.687075,1522238.000,9808,1,B%,1,100,24
1618271625.684930,1523205.000,9975,1,B%,1,100,23
1618271626.681753,1524171.000,10154,1,B%,1,100,24
1618271627.679609,1525138.000,10316,1,B%,1,100,24
1618271628.679528,1526107.000,10496,1,B%,1,100,23
1618271629.676351,1527073.000,10657,1,B%,1,100,24
1618271630.674206,1528040.000,10827,1,B%,1,100,24
1618271631.672062,1529007.000,11007,1,B%,1,100,24
1618271632.673013,1529977.000,11169,1,B%,1,100,24
1618271633.668804,1530942.000,11349,1,B%,1,100,24
1618271634.667691,1531910.000,11510,1,B%,1,100,24
1618271635.666579,1532878.000,11694,1,B%,1,100,24
1618271636.667530,1533848.000,11857,1,B%,1,100,24
1618271637.665385,1534815.000,12036,1,B%,1,100,24
1618271638.664272,1535783.000,12214,1,B%,1,100,24
1618271639.663159,1536751.000,12375,1,B%,1,100,24
1618271640.658951,1537716.000,12560,1,B%,1,100,24
1618271641.655774,1538682.000,12722,1,B%,1,100,24
1618271642.652597,1539648.000,12902,1,B%,1,100,24
1618271643.652516,1540617.000,13063,1,B%,1,100,24
1618271644.649340,1541583.000,13243,1,B%,1,100,24
1618271645.651323,1542554.000,13405,1,B%,1,100,24
1618271646.648146,1543520.000,13590,1,B%,1,100,24
1618271647.649097,1544490.000,13751,1,B%,1,100,24
1618271648.644888,1545455.000,13931,1,B%,1,100,24
1618271649.644808,1546424.000,14093,1,B%,1,100,24
1618271650.640599,1547389.000,14273,1,B%,1,100,24
1618271651.642582,1548360.000,14458,1,B%,1,100,24
1618271652.638373,1549325.000,14619,1,B%,1,100,24
1618271653.637260,1550293.000,14799,1,B%,1,100,24
1618271654.634084,1551259.000,14961,1,B%,1,100,24
1618271655.632971,1552227.000,15141,1,B%,1,100,24
1618271656.628762,1553192.000,15307,1,B%,1,100,24
1618271657.626618,1554159.000,15486,1,B%,1,100,23
1618271658.626537,1555128.000,15649,1,B%,1,100,24
1618271659.623360,1556094.000,15828,1,B%,1,100,23
1618271660.622247,1557062.000,16007,1,B%,1,100,24
1618271661.621135,1558030.000,16169,1,B%,1,100,24
1618271662.622086,1559000.000,16352,1,B%,1,100,24
1618271663.618909,1559966.000,16514,1,B%,1,100,23
1618271664.617796,1560934.000,16694,1,B%,1,100,24
1618271665.615651,1561901.000,16855,1,B%,1,100,24
1618271666.616602,1562871.000,17035,1,B%,1,100,24
1618271667.613426,1563837.000,17202,1,B%,1,100,23
1618271668.611281,1564804.000,17365,1,B%,1,100,23
1618271669.608104,1565770.000,17544,1,B%,1,100,23
1618271670.604928,1566736.000,17722,1,B%,1,100,23
1618271671.601751,1567702.000,17883,1,B%,1,100,23
1618271672.601670,1568671.000,18034,1,B%,1,100,23
1618271673.601589,1569640.000,18214,1,B%,1,100,23
1618271674.599445,1570607.000,18392,1,B%,1,100,23
1618271675.601428,1571578.000,18553,1,B%,1,100,23
1618271676.599283,1572545.000,18733,1,B%,1,100,23
1618271677.600234,1573515.000,18895,1,B%,1,100,23
1618271678.596025,1574480.000,19081,1,B%,1,100,23
1618271679.594912,1575448.000,19242,1,B%,1,100,23
1618271680.589672,1576412.000,19422,1,B%,1,100,23
1618271681.590623,1577382.000,19584,1,B%,1,100,23
1618271682.586414,1578347.000,19764,1,B%,1,100,23
1618271683.585302,1579315.000,19930,1,B%,1,100,23
1618271684.582125,1580281.000,20110,1,B%,1,100,23
1618271685.583076,1581251.000,20290,1,B%,1,100,23
1618271686.578867,1582216.000,20452,1,B%,1,100,24
1618271687.578786,1583185.000,20613,1,B%,1,100,24
1618271688.578706,1584154.000,20798,1,B%,1,100,24
1618271689.577593,1585122.000,20960,1,B%,1,100,23
1618271690.576480,1586090.000,21140,1,B%,1,100,23
1618271691.575367,1587058.000,21301,1,B%,1,100,23
1618271692.573222,1588025.000,21481,1,B%,1,100,23
1618271693.569014,1588990.000,21643,1,B%,1,100,23
1618271694.566869,1589957.000,21828,1,B%,1,100,23
1618271695.564724,1590924.000,21989,1,B%,1,100,23
1618271696.564643,1591893.000,22169,1,B%,1,100,23
1618271697.561467,1592859.000,22349,1,B%,1,100,23
1618271698.562418,1593829.000,22511,1,B%,1,100,24
1618271699.560273,1594796.000,22679,1,B%,1,100,23
1618271700.559160,1595764.000,22840,1,B%,1,100,23
1618271701.555984,1596730.000,23020,1,B%,1,100,23
1618271702.555903,1597699.000,23182,1,B%,1,100,22
1618271703.554790,1598667.000,23362,1,B%,1,100,22
1618271704.552645,1599634.000,23529,1,B%,1,100,22
1618271705.553596,1600604.000,23708,1,B%,1,100,22
1618271706.551451,1601571.000,23871,1,B%,1,100,22
1618271707.549307,1602538.000,24050,1,B%,1,100,23
1618271708.545098,1603503.000,24229,1,B%,1,100,23
1618271709.543985,1604471.000,24396,1,B%,1,100,23
1618271710.539777,1605436.000,24574,1,B%,1,100,23
1618271711.540728,1606406.000,24736,1,B%,1,100,23
1618271712.536519,1607371.000,24916,1,B%,1,100,23
1618271713.537470,1608341.000,25077,1,B%,1,100,22
1618271714.534294,1609307.000,25257,1,B%,1,100,23
1618271715.536277,1610278.000,25442,1,B%,1,100,22
1618271716.531036,1611242.000,25604,1,B%,1,100,22
1618271717.530955,1612211.000,25784,1,B%,1,100,22
1618271718.528811,1613178.000,25945,1,B%,1,100,23
1618271719.526666,1614145.000,26125,1,B%,1,100,23
1618271720.523489,1615111.000,26292,1,B%,1,100,23
1618271721.522376,1616079.000,26471,1,B%,1,100,23
1618271722.520231,1617046.000,26633,1,B%,1,100,23
1618271723.516023,1618011.000,26812,1,B%,1,100,22
1618271724.513878,1618978.000,26990,1,B%,1,100,22
1618271725.511734,1619945.000,27159,1,B%,1,100,22
1618271726.511653,1620914.000,27321,1,B%,1,100,23
1618271727.509508,1621881.000,27500,1,B%,1,100,23
1618271728.510459,1622851.000,27678,1,B%,1,100,23
1618271729.508314,1623818.000,27842,1,B%,1,100,23
1618271730.506169,1624785.000,28020,1,B%,1,100,23
1618271731.500929,1625749.000,28186,1,B%,1,100,22
1618271732.499816,1626717.000,28366,1,B%,1,100,23
1618271733.497671,1627684.000,28528,1,B%,1,100,22
1618271734.494495,1628650.000,28708,1,B%,1,100,22
1618271735.493382,1629618.000,28869,1,B%,1,100,22
1618271736.493301,1630587.000,29039,1,B%,1,100,22
1618271737.491156,1631554.000,29218,1,B%,1,100,22
1618271738.489012,1632521.000,29396,1,B%,1,100,23
1618271739.487899,1633489.000,29557,1,B%,1,100,23
1618271740.484722,1634455.000,29737,1,B%,1,100,23
1618271741.485673,1635425.000,29904,1,B%,1,100,22
1618271742.482497,1636391.000,30084,1,B%,1,100,22
1618271743.483448,1637361.000,30245,1,B%,1,100,23
1618271744.481303,1638328.000,30425,1,B%,1,100,22
1618271745.481222,1639297.000,30605,1,B%,1,100,22
1618271746.474949,1640260.000,30767,1,B%,1,100,22
1618271747.474869,1641229.000,30952,1,B%,1,100,22
1618271748.472724,1642196.000,31113,1,B%,1,100,22
1618271749.472643,1643165.000,31292,1,B%,1,100,22
1618271750.469466,1644131.000,31470,1,B%,1,100,22
1618271751.471449,1645102.000,31633,1,B%,1,100,22
1618271752.468272,1646068.000,31801,1,B%,1,100,21
1618271753.466128,1647035.000,31980,1,B%,1,100,22
1618271754.463983,1648002.000,32142,1,B%,1,100,22
1618271755.462870,1648970.000,32322,1,B%,1,100,22
1618271756.460726,1649937.000,32500,1,B%,1,100,22
1618271757.458581,1650904.000,32667,1,B%,1,100,22
1618271758.457468,1651872.000,32846,1,B%,1,100,22
1618271759.455323,1652839.000,33008,1,B%,1,100,22
1618271760.453179,1653806.000,33188,1,B%,1,100,22
1618271761.447938,1654770.000,33349,1,B%,1,100,22
1618271762.446825,1655738.000,33529,1,B%,1,100,22
1618271763.445712,1656706.000,33699,1,B%,1,100,22
1618271764.444600,1657674.000,33860,1,B%,1,100,22
1618271765.444519,1658643.000,34039,1,B%,1,100,23
1618271766.445470,1659613.000,34217,1,B%,1,100,22
1618271767.442293,1660579.000,34380,1,B%,1,100,23
1618271768.440148,1661546.000,34548,1,B%,1,100,23
1618271769.438004,1662513.000,34728,1,B%,1,100,22
1618271770.434827,1663479.000,34890,1,B%,1,100,23
1618271771.432682,1664446.000,35070,1,B%,1,100,23
1618271772.430537,1665413.000,35231,1,B%,1,100,22
1618271773.430457,1666382.000,35397,1,B%,1,100,22
1618271774.427280,1667348.000,35577,1,B%,1,100,22
1618271775.427199,1668317.000,35738,1,B%,1,100,22
1618271776.421959,1669281.000,35918,1,B%,1,100,22
1618271777.421878,1670250.000,36080,1,B%,1,100,23
1618271778.420765,1671218.000,36265,1,B%,1,100,23
1618271779.419652,1672186.000,36427,1,B%,1,100,22
1618271780.415443,1673151.000,36589,1,B%,1,100,23
1618271781.416394,1674121.000,36769,1,B%,1,100,22
1618271782.412186,1675086.000,36930,1,B%,1,100,22
1618271783.409009,1676052.000,37110,1,B%,1,100,22
1618271784.405833,1677018.000,37275,1,B%,1,100,22
1618271785.404720,1677986.000,37436,1,B%,1,100,22
1618271786.401543,1678952.000,37616,1,B%,1,100,22
1618271787.401462,1679921.000,37778,1,B%,1,100,22
1618271788.401381,1680890.000,37958,1,B%,1,100,22
1618271789.400269,1681858.000,38126,1,B%,1,100,22
1618271790.398124,1682825.000,38289,1,B%,1,100,22
1618271791.394947,1683791.000,38468,1,B%,1,100,22
1618271792.392802,1684758.000,38646,1,B%,1,100,22
1618271793.391690,1685726.000,38808,1,B%,1,100,22
1618271794.388513,1686692.000,38977,1,B%,1,100,22
1618271795.386368,1687659.000,39157,1,B%,1,100,22
1618271796.385256,1688627.000,39318,1,B%,1,100,22
1618271797.382079,1689593.000,39498,1,B%,1,100,22
1618271798.380966,1690561.000,39660,1,B%,1,100,22
1618271799.378821,1691528.000,39840,1,B%,1,100,22
1618271800.376677,1692495.000,40005,1,B%,1,100,22
1618271801.375564,1693463.000,40167,1,B%,1,100,22
1618271802.375483,1694432.000,40347,1,B%,1,100,22
1618271803.375402,1695401.000,40527,1,B%,1,100,22
1618271804.374289,1696369.000,40688,1,B%,1,100,22
1618271805.373176,1697337.000,40855,1,B%,1,100,21
1618271806.368968,1698302.000,41016,1,B%,1,100,22
1618271807.366823,1699269.000,41196,1,B%,1,100,22
1618271808.365710,1700237.000,41358,1,B%,1,100,22
1618271809.363565,1701204.000,41538,1,B%,1,100,22
1618271810.359357,1702169.000,41705,1,B%,1,100,22
1618271811.361340,1703140.000,41885,1,B%,1,100,22
1618271812.358163,1704106.000,42047,1,B%,1,100,22
1618271813.357050,1705074.000,42227,1,B%,1,100,21
1618271814.354906,1706041.000,42388,1,B%,1,100,22
1618271815.354825,1707010.000,42568,1,B%,1,100,22
1618271816.350616,1707975.000,42735,1,B%,1,100,22
1618271817.351567,1708945.000,42896,1,B%,1,100,21
1618271818.350454,1709913.000,43076,1,B%,1,100,21
1618271819.348310,1710880.000,43238,1,B%,1,100,21
1618271820.343069,1711844.000,43418,1,B%,1,100,22
1618271821.339893,1712810.000,43585,1,B%,1,100,22
1618271822.336716,1713776.000,43748,1,B%,1,100,21
1618271823.336635,1714745.000,43927,1,B%,1,100,21
1618271824.333458,1715711.000,44105,1,B%,1,100,21
1618271825.333377,1716680.000,44267,1,B%,1,100,21
1618271826.334328,1717650.000,44436,1,B%,1,100,22
1618271827.333215,1718618.000,44616,1,B%,1,100,22
1618271828.332103,1719586.000,44777,1,B%,1,100,22
1618271829.329958,1720553.000,44956,1,B%,1,100,22
1618271830.324718,1721517.000,45119,1,B%,1,100,22
1618271831.321541,1722483.000,45304,1,B%,1,100,22
1618271832.320428,1723451.000,45465,1,B%,1,100,21
1618271833.319315,1724419.000,45627,1,B%,1,100,22
1618271834.320266,1725389.000,45807,1,B%,1,100,21
1618271835.318122,1726356.000,45987,1,B%,1,100,21
1618271836.315977,1727323.000,46148,1,B%,1,100,21
1618271837.313832,1728290.000,46314,1,B%,1,100,21
1618271838.313751,1729259.000,46492,1,B%,1,100,21
1618271839.311606,1730226.000,46653,1,B%,1,100,21
1618271840.308430,1731192.000,46833,1,B%,1,100,22
1618271841.308349,1732161.000,46995,1,B%,1,100,22
1618271842.307236,1733129.000,47162,1,B%,1,100,22
1618271843.304060,1734095.000,47342,1,B%,1,100,22
1618271844.301915,1735062.000,47504,1,B%,1,100,21
1618271845.300802,1736030.000,47683,1,B%,1,100,21
1618271846.296593,1736995.000,47844,1,B%,1,100,21
1618271847.296512,1737964.000,48012,1,B%,1,100,22
1618271848.296432,1738933.000,48192,1,B%,1,100,22
1618271849.296351,1739902.000,48372,1,B%,1,100,22
1618271850.292142,1740867.000,48533,1,B%,1,100,22
1618271851.291029,1741835.000,48713,1,B%,1,100,21
1618271852.288885,1742802.000,48875,1,B%,1,100,21
1618271853.288804,1743771.000,49043,1,B%,1,100,22
1618271854.284595,1744736.000,49221,1,B%,1,100,21
1618271855.284514,1745705.000,49383,1,B%,1,100,21
1618271856.283401,1746673.000,49563,1,B%,1,100,21
1618271857.282289,1747641.000,49724,1,B%,1,100,21
1618271858.279112,1748607.000,49893,1,B%,1,100,21
1618271859.279031,1749576.000,50073,1,B%,1,100,21
1618271860.274822,1750541.000,50234,1,B%,1,100,21
1618271861.272678,1751508.000,50413,1,B%,1,100,22
1618271862.272597,1752477.000,50576,1,B%,1,100,21
1618271863.272516,1753446.000,50741,1,B%,1,100,21
1618271864.271403,1754414.000,50921,1,B%,1,100,21
1618271865.270290,1755382.000,51101,1,B%,1,100,21
1618271866.267114,1756348.000,51263,1,B%,1,100,21
1618271867.264969,1757315.000,51443,1,B%,1,100,21
1618271868.262824,1758282.000,51604,1,B%,1,100,21
1618271869.258615,1759247.000,51774,1,B%,1,100,20
1618271870.257503,1760215.000,51935,1,B%,1,100,20
1618271871.256390,1761183.000,52114,1,B%,1,100,21
1618271872.255277,1762151.000,52262,1,B%,1,100,21
1618271873.253132,1763118.000,52301,1,B%,1,100,21
1618271874.253052,1764087.000,52450,1,B%,1,100,20
1618271875.251939,1765055.000,52612,1,B%,1,100,20
1618271876.248762,1766021.000,52792,1,B%,1,100,20
1618271877.246617,1766988.000,52953,1,B%,1,100,21
1618271878.246536,1767957.000,53133,1,B%,1,100,20
1618271879.243360,1768923.000,53283,1,B%,1,100,21
1618271880.239151,1769888.000,53463,1,B%,1,100,21
1618271881.237006,1770855.000,53624,1,B%,1,100,20
1618271882.234862,1771822.000,53804,1,B%,1,100,21
1618271883.233749,1772790.000,53984,1,B%,1,100,21
1618271884.230572,1773756.000,54151,1,B%,1,100,21
1618271885.232555,1774727.000,54312,1,B%,1,100,21
1618271886.231442,1775695.000,54492,1,B%,1,100,21
1618271887.231361,1776664.000,54654,1,B%,1,100,21
1618271888.228185,1777630.000,54834,1,B%,1,100,21
1618271889.228104,1778599.000,55014,1,B%,1,100,21
1618271890.222863,1779563.000,55164,1,B%,1,100,21
1618271891.220719,1780530.000,55343,1,B%,1,100,21
1618271892.218574,1781497.000,55504,1,B%,1,100,22
1618271893.218493,1782466.000,55684,1,B%,1,100,21
1618271894.215317,1783432.000,55863,1,B%,1,100,22
1618271895.217299,1784403.000,56012,1,B%,1,100,21
1618271896.214123,1785369.000,56192,1,B%,1,100,21
1618271897.214042,1786338.000,56372,1,B%,1,100,21
1618271898.212929,1787306.000,56534,1,B%,1,100,22
1618271899.210784,1788273.000,56714,1,B%,1,100,21
1618271900.208640,1789240.000,56862,1,B%,1,100,22
1618271901.208559,1790209.000,57040,1,B%,1,100,21
1618271902.205382,1791175.000,57220,1,B%,1,100,21
1618271903.202205,1792141.000,57381,1,B%,1,100,21
1618271904.200061,1793108.000,57561,1,B%,1,100,20
1618271905.196884,1794074.000,57723,1,B%,1,100,20
1618271906.194739,1795041.000,57892,1,B%,1,100,20
1618271907.192595,1796008.000,58071,1,B%,1,100,20
1618271908.193546,1796978.000,58234,1,B%,1,100,21
1618271909.191401,1797945.000,58414,1,B%,1,100,21
1618271910.190288,1798913.000,58575,1,B%,1,100,21
1618271911.188143,1799880.000,58742,1,B%,1,100,21
1618271912.188062,1800849.000,58922,1,B%,1,100,21
1618271913.183854,1801814.000,59083,1,B%,1,100,21
1618271914.180677,1802780.000,59263,1,B%,1,100,21
1618271915.178532,1803747.000,59443,1,B%,1,100,21
1618271916.179483,1804717.000,59609,1,B%,1,100,20
1618271917.178371,1805685.000,59771,1,B%,1,100,20
1618271918.176226,1806652.000,59950,1,B%,1,100,20
1618271919.175113,1807620.000,60112,1,B%,1,100,20
1618271920.170904,1808585.000,60292,1,B%,1,100,20
1618271921.169792,1809553.000,60453,1,B%,1,100,21
1618271922.166615,1810519.000,60621,1,B%,1,100,21
1618271923.167566,1811489.000,60800,1,B%,1,100,21
1618271924.163357,1812454.000,60978,1,B%,1,100,21
1618271925.164309,1813424.000,61140,1,B%,1,100,20
1618271926.161132,1814390.000,61319,1,B%,1,100,20
1618271927.161051,1815359.000,61470,1,B%,1,100,20
1618271928.156842,1816324.000,61650,1,B%,1,100,20
1618271929.155730,1817292.000,61812,1,B%,1,100,21
1618271930.151521,1818257.000,61992,1,B%,1,100,21
1618271931.153504,1819228.000,62153,1,B%,1,100,21
1618271932.151359,1820195.000,62323,1,B%,1,100,20
1618271933.150246,1821163.000,62502,1,B%,1,100,21
1618271934.148102,1822130.000,62680,1,B%,1,100,20
1618271935.145957,1823097.000,62842,1,B%,1,100,20
1618271936.142780,1824063.000,63021,1,B%,1,100,20
1618271937.140635,1825030.000,63190,1,B%,1,100,20
1618271938.140555,1825999.000,63351,1,B%,1,100,20
1618271939.136346,1826964.000,63531,1,B%,1,100,21
1618271940.135233,1827932.000,63693,1,B%,1,100,20
1618271941.133089,1828899.000,63873,1,B%,1,100,20
1618271942.134040,1829869.000,64034,1,B%,1,100,20
1618271943.129831,1830834.000,64200,1,B%,1,100,19
1618271944.128718,1831802.000,64378,1,B%,1,100,19
1618271945.127605,1832770.000,64539,1,B%,1,100,19
1618271946.128556,1833740.000,64719,1,B%,1,100,20
1618271947.125380,1834706.000,64881,1,B%,1,100,19
1618271948.123235,1835673.000,65048,1,B%,1,100,20
1618271949.121090,1836640.000,65227,1,B%,1,100,20
1618271950.117914,1837606.000,65390,1,B%,1,100,19
1618271951.114737,1838572.000,33,1,B%,1,100,20
1618271952.114656,1839541.000,211,1,B%,1,100,20
1618271953.114575,1840510.000,379,1,B%,1,100,20
1618271954.112430,1841477.000,557,1,B%,1,100,20
1618271955.114413,1842448.000,719,1,B%,1,100,20
1618271956.112269,1843415.000,899,1,B%,1,100,20
1618271957.113219,1844385.000,1060,1,B%,1,100,20
1618271958.109011,1845350.000,1240,1,B%,1,100,20
1618271959.106866,1846317.000,1407,1,B%,1,100,19
1618271960.101626,1847281.000,1587,1,B%,1,100,19
1618271961.102577,1848251.000,1748,1,B%,1,100,20
1618271962.099400,1849217.000,1928,1,B%,1,100,20
1618271963.100351,1850187.000,2090,1,B%,1,100,20
1618271964.097175,1851153.000,2275,1,B%,1,100,20
1618271965.099158,1852124.000,2436,1,B%,1,100,20
1618271966.094949,1853089.000,2616,1,B%,1,100,20
1618271967.094868,1854058.000,2796,1,B%,1,100,20
1618271968.094787,1855027.000,2958,1,B%,1,100,20
1618271969.093674,1855995.000,3143,1,B%,1,100,20
1618271970.091530,1856962.000,3304,1,B%,1,100,20
1618271971.090417,1857930.000,3484,1,B%,1,100,20
1618271972.088272,1858897.000,3646,1,B%,1,100,20
1618271973.084064,1859862.000,3826,1,B%,1,100,20
1618271974.081919,1860829.000,3988,1,B%,1,100,20
1618271975.079774,1861796.000,4155,1,B%,1,100,19
1618271976.079693,1862765.000,4335,1,B%,1,100,19
1618271977.077549,1863732.000,4515,1,B%,1,100,20
1618271978.078499,1864702.000,4676,1,B%,1,100,19
1618271979.077387,1865670.000,4856,1,B%,1,100,19
1618271980.076274,1866638.000,5023,1,B%,1,100,19
1618271981.072065,1867603.000,5203,1,B%,1,100,20
1618271982.070952,1868571.000,5364,1,B%,1,100,20
1618271983.068808,1869538.000,5544,1,B%,1,100,20
1618271984.065631,1870504.000,5706,1,B%,1,100,20
1618271985.064518,1871472.000,5890,1,B%,1,100,20
1618271986.064437,1872441.000,6069,1,B%,1,100,20
1618271987.062293,1873408.000,6231,1,B%,1,100,19
1618271988.060148,1874375.000,6409,1,B%,1,100,20
1618271989.059035,1875343.000,6571,1,B%,1,100,20
1618271990.055858,1876309.000,6756,1,B%,1,100,20
1618271991.056809,1877279.000,6917,1,B%,1,100,20
1618271992.054665,1878246.000,7097,1,B%,1,100,20
1618271993.054584,1879215.000,7259,1,B%,1,100,20
1618271994.052439,1880182.000,7439,1,B%,1,100,20
1618271995.051326,1881150.000,7619,1,B%,1,100,20
1618271996.045054,1882113.000,7785,1,B%,1,100,20
1618271997.044973,1883082.000,7965,1,B%,1,100,20
1618271998.042828,1884049.000,8127,1,B%,1,100,19
1618271999.042747,1885018.000,8307,1,B%,1,100,20
1618272000.039571,1885984.000,8468,1,B%,1,100,20
1618272001.041553,1886955.000,8653,1,B%,1,100,20
1618272002.038377,1887921.000,8815,1,B%,1,100,19
1618272003.036232,1888888.000,8995,1,B%,1,100,20
1618272004.034087,1889855.000,9156,1,B%,1,100,19
1618272005.032975,1890823.000,9335,1,B%,1,100,20
1618272006.030830,1891790.000,9519,1,B%,1,100,20
1618272007.028685,1892757.000,9682,1,B%,1,100,20
1618272008.028604,1893726.000,9860,1,B%,1,100,20
1618272009.026459,1894693.000,10021,1,B%,1,100,19
1618272010.024315,1895660.000,10185,1,B%,1,100,20
1618272011.020106,1896625.000,10365,1,B%,1,100,20
1618272012.020025,1897594.000,10548,1,B%,1,100,20
1618272013.018913,1898562.000,10711,1,B%,1,100,20
1618272014.017800,1899530.000,10889,1,B%,1,100,20
1618272015.016687,1900498.000,11051,1,B%,1,100,20
1618272016.017638,1901468.000,11231,1,B%,1,100,20
1618272017.014461,1902434.000,11397,1,B%,1,100,20
1618272018.012316,1903401.000,11576,1,B%,1,100,20
1618272019.009140,1904367.000,11739,1,B%,1,100,20
1618272020.004931,1905332.000,11917,1,B%,1,100,20
1618272021.002787,1906299.000,12080,1,B%,1,100,20
1618272022.001674,1907267.000,12248,1,B%,1,100,20
1618272023.001593,1908236.000,12427,1,B%,1,100,20
1618272024.000480,1909204.000,12605,1,B%,1,100,20
1618272025.000399,1910173.000,12766,1,B%,1,100,20
1618272025.996191,1911138.000,12946,1,B%,1,100,20
1618272026.995078,1912106.000,13108,1,B%,1,100,20
1618272027.993965,1913074.000,13293,1,B%,1,100,20
1618272028.991820,1914041.000,13454,1,B%,1,100,19
1618272029.987612,1915006.000,13634,1,B%,1,100,20
1618272030.987531,1915975.000,13796,1,B%,1,100,20
1618272031.984354,1916941.000,13976,1,B%,1,100,20
1618272032.983241,1917909.000,14142,1,B%,1,100,19
1618272033.980065,1918875.000,14322,1,B%,1,100,20
1618272034.981016,1919845.000,14484,1,B%,1,100,20
1618272035.977839,1920811.000,14664,1,B%,1,100,20
1618272036.978790,1921781.000,14844,1,B%,1,100,20
1618272037.978709,1922750.000,15010,1,B%,1,100,20
1618272038.978628,1923719.000,15172,1,B%,1,100,19
1618272039.973388,1924683.000,15352,1,B%,1,100,20
1618272040.970211,1925649.000,15513,1,B%,1,100,20
1618272041.967034,1926615.000,15693,1,B%,1,100,20
1618272042.965922,1927583.000,15862,1,B%,1,100,19
1618272043.962745,1928549.000,16024,1,B%,1,100,19
1618272044.961632,1929517.000,16204,1,B%,1,100,20
1618272045.962583,1930487.000,16365,1,B%,1,100,20
1618272046.960438,1931454.000,16545,1,B%,1,100,20
1618272047.959326,1932422.000,16707,1,B%,1,100,20
1618272048.957181,1933389.000,16892,1,B%,1,100,20
1618272049.954004,1934355.000,17053,1,B%,1,100,19
1618272050.950828,1935321.000,17232,1,B%,1,100,19
1618272051.949715,1936289.000,17394,1,B%,1,100,20
1618272052.948602,1937257.000,17574,1,B%,1,100,20
1618272053.947489,1938225.000,17741,1,B%,1,100,20
1618272054.945344,1939192.000,17921,1,B%,1,100,20
1618272055.943200,1940159.000,18083,1,B%,1,100,20
1618272056.941055,1941126.000,18262,1,B%,1,100,20
1618272057.940974,1942095.000,18441,1,B%,1,100,20
1618272058.937797,1943061.000,18608,1,B%,1,100,19
1618272059.934621,1944027.000,18786,1,B%,1,100,19
1618272060.936604,1944998.000,18948,1,B%,1,100,20
1618272061.935491,1945966.000,19128,1,B%,1,100,20
1618272062.932314,1946932.000,19289,1,B%,1,100,19
1618272063.930170,1947899.000,19469,1,B%,1,100,19
1618272064.928025,1948866.000,19636,1,B%,1,100,19
1618272065.923816,1949831.000,19816,1,B%,1,100,20
1618272066.923735,1950800.000,19977,1,B%,1,100,20
1618272067.923654,1951769.000,20157,1,B%,1,100,19
1618272068.923573,1952738.000,20337,1,B%,1,100,19
1618272069.919365,1953703.000,20504,1,B%,1,100,19
1618272070.918252,1954671.000,20683,1,B%,1,100,20
1618272071.916107,1955638.000,20845,1,B%,1,100,20
1618272072.916027,1956607.000,21024,1,B%,1,100,20
1618272073.911818,1957572.000,21187,1,B%,1,100,19
1618272074.911737,1958541.000,21353,1,B%,1,100,19
1618272075.910624,1959509.000,21533,1,B%,1,100,19
1618272076.909511,1960477.000,21713,1,B%,1,100,19
1618272077.906335,1961443.000,21874,1,B%,1,100,19
1618272078.907286,1962413.000,22054,1,B%,1,100,20
1618272079.903077,1963378.000,22216,1,B%,1,100,20
1618272080.901964,1964346.000,22401,1,B%,1,100,19
1618272081.901883,1965315.000,22562,1,B%,1,100,19
1618272082.901803,1966284.000,22741,1,B%,1,100,19
1618272083.900690,1967252.000,22903,1,B%,1,100,18
1618272084.899577,1968220.000,23083,1,B%,1,100,19
1618272085.896400,1969186.000,23249,1,B%,1,100,19
1618272086.894256,1970153.000,23429,1,B%,1,100,20
1618272087.892111,1971120.000,23607,1,B%,1,100,20
1618272088.888934,1972086.000,23770,1,B%,1,100,20
1618272089.887821,1973054.000,23949,1,B%,1,100,19
1618272090.886708,1974022.000,24117,1,B%,1,100,19
1618272091.886628,1974991.000,24279,1,B%,1,100,19
1618272092.883451,1975957.000,24459,1,B%,1,100,19
1618272093.883370,1976926.000,24637,1,B%,1,100,19
1618272094.883289,1977895.000,24799,1,B%,1,100,19
1618272095.880112,1978861.000,24968,1,B%,1,100,19
1618272096.877968,1979828.000,25147,1,B%,1,100,19
1618272097.877887,1980797.000,25309,1,B%,1,100,19
1618272098.874710,1981763.000,25488,1,B%,1,100,19
1618272099.870502,1982728.000,25650,1,B%,1,100,19
1618272100.868357,1983695.000,25830,1,B%,1,100,19
1618272101.866212,1984662.000,25997,1,B%,1,100,19
1618272102.865099,1985630.000,26176,1,B%,1,100,19
1618272103.861923,1986596.000,26339,1,B%,1,100,19
1618272104.863906,1987567.000,26518,1,B%,1,100,19
1618272105.862793,1988535.000,26696,1,B%,1,100,19
1618272106.862712,1989504.000,26864,1,B%,1,100,19
1618272107.859535,1990470.000,27042,1,B%,1,100,19
1618272108.859454,1991439.000,27204,1,B%,1,100,19
1618272109.854214,1992403.000,27384,1,B%,1,100,19
1618272110.852069,1993370.000,27545,1,B%,1,100,19
1618272111.849925,1994337.000,27730,1,B%,1,100,19
1618272112.849844,1995306.000,27892,1,B%,1,100,18
1618272113.846667,1996272.000,28072,1,B%,1,100,18
1618272114.848650,1997243.000,28252,1,B%,1,100,19
1618272115.845473,1998209.000,28413,1,B%,1,100,18
1618272116.845392,1999178.000,28593,1,B%,1,100,18
1618272117.843248,2000145.000,28760,1,B%,1,100,19
1618272118.840071,2001111.000,28924,1,B%,1,100,19
1618272119.837926,2002078.000,29102,1,B%,1,100,19
1618272120.837845,2003047.000,29263,1,B%,1,100,19
1618272121.834669,2004013.000,29443,1,B%,1,100,19
1618272122.831492,2004979.000,29610,1,B%,1,100,19
1618272123.830379,2005947.000,29790,1,B%,1,100,19
1618272124.828234,2006914.000,29951,1,B%,1,100,19
1618272125.826090,2007881.000,30131,1,B%,1,100,19
1618272126.823945,2008848.000,30293,1,B%,1,100,19
1618272127.824896,2009818.000,30478,1,B%,1,100,19
1618272128.821719,2010784.000,30658,1,B%,1,100,19
1618272129.820606,2011752.000,30819,1,B%,1,100,19
1618272130.818462,2012719.000,30999,1,B%,1,100,19
1618272131.816317,2013686.000,31161,1,B%,1,100,19
1618272132.812109,2014651.000,31340,1,B%,1,100,19
1618272133.809964,2015618.000,31507,1,B%,1,100,19
1618272134.807819,2016585.000,31686,1,B%,1,100,19
1618272135.808770,2017555.000,31864,1,B%,1,100,18
1618272136.807657,2018523.000,32027,1,B%,1,100,19
1618272137.806545,2019491.000,32206,1,B%,1,100,19
1618272138.806463,2020460.000,32374,1,B%,1,100,18
1618272139.802255,2021425.000,32552,1,B%,1,100,18
1618272140.801142,2022393.000,32715,1,B%,1,100,18
1618272141.797966,2023359.000,32894,1,B%,1,100,19
1618272142.797885,2024328.000,33056,1,B%,1,100,18
1618272143.793676,2025293.000,33224,1,B%,1,100,18
1618272144.794627,2026263.000,33404,1,B%,1,100,19
1618272145.791451,2027229.000,33565,1,B%,1,100,19
1618272146.792401,2028199.000,33745,1,B%,1,100,19
1618272147.788193,2029164.000,33907,1,B%,1,100,19
1618272148.788112,2030133.000,34092,1,B%,1,100,19
1618272149.783903,2031098.000,34253,1,B%,1,100,19
1618272150.785886,2032069.000,34415,1,B%,1,100,19
1618272151.783742,2033036.000,34595,1,B%,1,100,18
1618272152.782629,2034004.000,34756,1,B%,1,100,18
1618272153.780484,2034971.000,34936,1,B%,1,100,18
1618272154.779371,2035939.000,35106,1,B%,1,100,18
1618272155.775163,2036904.000,35267,1,B%,1,100,18
1618272156.773018,2037871.000,35447,1,B%,1,100,18
1618272157.772937,2038840.000,35609,1,B%,1,100,18
1618272158.769760,2039806.000,35789,1,B%,1,100,18
1618272159.768648,2040774.000,35954,1,B%,1,100,18
1618272160.767535,2041742.000,36116,1,B%,1,100,18
1618272161.767454,2042711.000,36296,1,B%,1,100,18
1618272162.763245,2043676.000,36476,1,B%,1,100,18
1618272163.762132,2044644.000,36637,1,B%,1,100,18
1618272164.758956,2045610.000,36804,1,B%,1,100,18
1618272165.758875,2046579.000,36965,1,B%,1,100,17
1618272166.755698,2047545.000,37144,1,B%,1,100,17
1618272167.754586,2048513.000,37322,1,B%,1,100,18
1618272168.752441,2049480.000,37486,1,B%,1,100,18
1618272169.750296,2050447.000,37664,1,B%,1,100,18
1618272170.747119,2051413.000,37833,1,B%,1,100,18
1618272171.746006,2052381.000,37995,1,B%,1,100,19
1618272172.745926,2053350.000,38175,1,B%,1,100,18
1618272173.743781,2054317.000,38336,1,B%,1,100,18
1618272174.744732,2055287.000,38515,1,B%,1,100,18
1618272175.742587,2056254.000,38683,1,B%,1,100,18
1618272176.740443,2057221.000,38844,1,B%,1,100,18
1618272177.736234,2058186.000,39024,1,B%,1,100,17
1618272178.735121,2059154.000,39204,1,B%,1,100,18
1618272179.729881,2060118.000,39366,1,B%,1,100,18
1618272180.730832,2061088.000,39515,1,B%,1,100,18
1618272181.726623,2062053.000,39695,1,B%,1,100,18
1618272182.727574,2063023.000,39874,1,B%,1,100,18
1618272183.724397,2063989.000,40052,1,B%,1,100,18
1618272184.726380,2064960.000,40213,1,B%,1,100,18
1618272185.721140,2065924.000,40393,1,B%,1,100,18
1618272186.721059,2066893.000,40561,1,B%,1,100,17
1618272187.718914,2067860.000,40722,1,B%,1,100,18
1618272188.715738,2068826.000,40884,1,B%,1,100,18
1618272189.712561,2069792.000,41064,1,B%,1,100,18
1618272190.712480,2070761.000,41244,1,B%,1,100,19
1618272191.710335,2071728.000,41409,1,B%,1,100,18
1618272192.708191,2072695.000,41572,1,B%,1,100,18
1618272193.706046,2073662.000,41751,1,B%,1,100,18
1618272194.704933,2074630.000,41914,1,B%,1,100,18
1618272195.704852,2075599.000,42092,1,B%,1,100,18
1618272196.702708,2076566.000,42262,1,B%,1,100,18
1618272197.703658,2077536.000,42423,1,B%,1,100,18
1618272198.701514,2078503.000,42603,1,B%,1,100,18
1618272199.698337,2079469.000,42765,1,B%,1,100,19
1618272200.693097,2080433.000,42945,1,B%,1,100,18
1618272201.691984,2081401.000,43106,1,B%,1,100,17
1618272202.689839,2082368.000,43273,1,B%,1,100,18
1618272203.689758,2083337.000,43453,1,B%,1,100,18
1618272204.689677,2084306.000,43614,1,B%,1,100,17
1618272205.690628,2085276.000,43794,1,B%,1,100,17
1618272206.688483,2086243.000,43956,1,B%,1,100,17
1618272207.686339,2087210.000,44124,1,B%,1,100,17
1618272208.684194,2088177.000,44303,1,B%,1,100,17
1618272209.681017,2089143.000,44466,1,B%,1,100,17
1618272210.678873,2090110.000,44645,1,B%,1,100,17
1618272211.675696,2091076.000,44823,1,B%,1,100,18
1618272212.675615,2092045.000,44990,1,B%,1,100,18
1618272213.672438,2093011.000,45152,1,B%,1,100,17
1618272214.672358,2093980.000,45332,1,B%,1,100,17
1618272215.667117,2094944.000,45493,1,B%,1,100,18
1618272216.667036,2095913.000,45672,1,B%,1,100,18
1618272217.665923,2096881.000,45840,1,B%,1,100,18
1618272218.664811,2097849.000,46001,1,B%,1,100,18
1618272219.660602,2098814.000,46181,1,B%,1,100,18
1618272220.661553,2099784.000,46343,1,B%,1,100,17
1618272221.657345,2100749.000,46523,1,B%,1,100,17
1618272222.654168,2101715.000,46703,1,B%,1,100,17
1618272223.650991,2102681.000,46866,1,B%,1,100,17
1618272224.650910,2103650.000,47029,1,B%,1,100,18
1618272225.647734,2104616.000,47208,1,B%,1,100,18
1618272226.647653,2105585.000,47369,1,B%,1,100,17
1618272227.647572,2106554.000,47549,1,B%,1,100,18
1618272228.646459,2107522.000,47717,1,B%,1,100,17
1618272229.644314,2108489.000,47878,1,B%,1,100,17
1618272230.641138,2109455.000,48057,1,B%,1,100,17
1618272231.638993,2110422.000,48219,1,B%,1,100,17
1618272232.637880,2111390.000,48399,1,B%,1,100,17
1618272233.635735,2112357.000,48548,1,B%,1,100,17
1618272234.634623,2113325.000,48727,1,B%,1,100,17
1618272235.635574,2114295.000,48907,1,B%,1,100,18
1618272236.632397,2115261.000,49068,1,B%,1,100,18
1618272237.631284,2116229.000,49248,1,B%,1,100,17
1618272238.630171,2117197.000,49428,1,B%,1,100,17
1618272239.628026,2118164.000,49596,1,B%,1,100,17
1618272240.626914,2119132.000,49758,1,B%,1,100,17
1618272241.627865,2120102.000,49936,1,B%,1,100,17
1618272242.626752,2121070.000,50100,1,B%,1,100,17
1618272243.625639,2122038.000,50278,1,B%,1,100,17
1618272244.622463,2123004.000,50429,1,B%,1,100,16
1618272245.618254,2123969.000,50609,1,B%,1,100,16
1618272246.616109,2124936.000,50770,1,B%,1,100,16
1618272247.616028,2125905.000,50950,1,B%,1,100,17
1618272248.613883,2126872.000,51112,1,B%,1,100,18
1618272249.610707,2127838.000,51296,1,B%,1,100,17
1618272250.612690,2128809.000,51458,1,B%,1,100,18
1618272251.610545,2129776.000,51637,1,B%,1,100,17
1618272252.609432,2130744.000,51799,1,B%,1,100,16
1618272253.607287,2131711.000,51979,1,B%,1,100,17
1618272254.606175,2132679.000,52140,1,B%,1,100,17
1618272255.601966,2133644.000,52308,1,B%,1,100,17
1618272256.600853,2134612.000,52487,1,B%,1,100,17
1618272257.599741,2135580.000,52665,1,B%,1,100,18
1618272258.599660,2136549.000,52827,1,B%,1,100,18
1618272259.594419,2137513.000,53006,1,B%,1,100,17
1618272260.593306,2138481.000,53176,1,B%,1,100,17
1618272261.591161,2139448.000,53337,1,B%,1,100,16
1618272262.591081,2140417.000,53517,1,B%,1,100,17
1618272263.587904,2141383.000,53679,1,B%,1,100,18
1618272264.587823,2142352.000,53859,1,B%,1,100,18
1618272265.586710,2143320.000,54024,1,B%,1,100,18
1618272266.585598,2144288.000,54187,1,B%,1,100,17
1618272267.582421,2145254.000,54366,1,B%,1,100,17
1618272268.581308,2146222.000,54527,1,B%,1,100,17
1618272269.577100,2147187.000,54707,1,B%,1,100,17
1618272270.573923,2148153.000,54875,1,B%,1,100,17
1618272271.572810,2149121.000,55036,1,B%,1,100,17
1618272272.572729,2150090.000,55215,1,B%,1,100,17
1618272273.572648,2151059.000,55393,1,B%,1,100,17
1618272274.570503,2152026.000,55557,1,B%,1,100,16
1618272275.567327,2152992.000,55735,1,B%,1,100,17
1618272276.565182,2153959.000,55884,1,B%,1,100,17
1618272277.564069,2154927.000,56064,1,B%,1,100,17
1618272278.559861,2155892.000,56244,1,B%,1,100,17
1618272279.556684,2156858.000,56405,1,B%,1,100,17
1618272280.556603,2157827.000,56585,1,B%,1,100,17
1618272281.555490,2158795.000,56752,1,B%,1,100,17
1618272282.552314,2159761.000,56915,1,B%,1,100,17
1618272283.552233,2160730.000,57093,1,B%,1,100,17
1618272284.551120,2161698.000,57255,1,B%,1,100,17
1618272285.547943,2162664.000,57435,1,B%,1,100,17
1618272286.547863,2163633.000,57586,1,B%,1,100,17
1618272287.547781,2164602.000,57766,1,B%,1,100,17
1618272288.544605,2165568.000,57946,1,B%,1,100,18
1618272289.540396,2166533.000,58107,1,B%,1,100,17
1618272290.538252,2167500.000,58286,1,B%,1,100,17
1618272291.535075,2168466.000,58449,1,B%,1,100,17
1618272292.533962,2169434.000,58614,1,B%,1,100,17
1618272293.530786,2170400.000,58794,1,B%,1,100,17
1618272294.532768,2171371.000,58974,1,B%,1,100,17
1618272295.531656,2172339.000,59136,1,B%,1,100,17
1618272296.531575,2173308.000,59316,1,B%,1,100,17
1618272297.529430,2174275.000,59481,1,B%,1,100,17
1618272298.530381,2175245.000,59643,1,B%,1,100,17
1618272299.525141,2176209.000,59823,1,B%,1,100,17
1618272300.522996,2177176.000,59984,1,B%,1,100,17
1618272301.519819,2178142.000,60164,1,B%,1,100,17
1618272302.519738,2179111.000,60334,1,B%,1,100,16
1618272303.516562,2180077.000,60495,1,B%,1,100,17
1618272304.517513,2181047.000,60675,1,B%,1,100,16
1618272305.514336,2182013.000,60837,1,B%,1,100,16
1618272306.514255,2182982.000,61017,1,B%,1,100,16
1618272307.513142,2183950.000,61178,1,B%,1,100,16
1618272308.510998,2184917.000,61343,1,B%,1,100,16
1618272309.508853,2185884.000,61523,1,B%,1,100,16
1618272310.508772,2186853.000,61684,1,B%,1,100,17
1618272311.507659,2187821.000,61864,1,B%,1,100,17
1618272312.504482,2188787.000,62044,1,B%,1,100,17
1618272313.502338,2189754.000,62193,1,B%,1,100,16
1618272314.500193,2190721.000,62373,1,B%,1,100,16
1618272315.498048,2191688.000,62551,1,B%,1,100,16
1618272316.495903,2192655.000,62714,1,B%,1,100,16
1618272317.497886,2193626.000,62893,1,B%,1,100,17
1618272318.495742,2194593.000,63060,1,B%,1,100,16
1618272319.494629,2195561.000,63222,1,B%,1,100,16
1618272320.493516,2196529.000,63402,1,B%,1,100,16
1618272321.492403,2197497.000,63563,1,B%,1,100,16
1618272322.488195,2198462.000,63743,1,B%,1,100,16
1618272323.485018,2199428.000,63910,1,B%,1,100,17
1618272324.483905,2200396.000,64072,1,B%,1,100,17
1618272325.482792,2201364.000,64250,1,B%,1,100,17
1618272326.481679,2202332.000,64413,1,B%,1,100,16
1618272327.479535,2203299.000,64592,1,B%,1,100,16
1618272328.479454,2204268.000,64753,1,B%,1,100,16
1618272329.475245,2205233.000,64923,1,B%,1,100,16
1618272330.474133,2206201.000,65103,1,B%,1,100,16
1618272331.471988,2207168.000,65264,1,B%,1,100,16
1618272332.472939,2208138.000,65443,1,B%,1,100,16
1618272333.468730,2209103.000,70,1,B%,1,100,16
1618272334.469681,2210073.000,254,1,B%,1,100,16
1618272335.466505,2211039.000,433,1,B%,1,100,16
1618272336.465392,2212007.000,595,1,B%,1,100,16
1618272337.461183,2212972.000,773,1,B%,1,100,16
1618272338.459038,2213939.000,936,1,B%,1,100,16
1618272339.454830,2214904.000,1104,1,B%,1,100,16
1618272340.456813,2215875.000,1283,1,B%,1,100,16
1618272341.455700,2216843.000,1446,1,B%,1,100,16
1618272342.454587,2217811.000,1625,1,B%,1,100,16
1618272343.453475,2218779.000,1803,1,B%,1,100,16
1618272344.452362,2219747.000,1965,1,B%,1,100,16
1618272345.450217,2220714.000,2134,1,B%,1,100,16
1618272346.448072,2221681.000,2314,1,B%,1,100,16
1618272347.447991,2222650.000,2475,1,B%,1,100,16
1618272348.444815,2223616.000,2655,1,B%,1,100,16
1618272349.442670,2224583.000,2817,1,B%,1,100,16
1618272350.440525,2225550.000,3002,1,B%,1,100,16
1618272351.439412,2226518.000,3163,1,B%,1,100,16
1618272352.435204,2227483.000,3343,1,B%,1,100,16
1618272353.433059,2228450.000,3505,1,B%,1,100,16
1618272354.431946,2229418.000,3684,1,B%,1,100,16
1618272355.432897,2230388.000,3849,1,B%,1,100,16
1618272356.431784,2231356.000,4011,1,B%,1,100,15
1618272357.430671,2232324.000,4191,1,B%,1,100,16
1618272358.430591,2233293.000,4371,1,B%,1,100,16
1618272359.426382,2234258.000,4532,1,B%,1,100,16
1618272360.425269,2235226.000,4717,1,B%,1,100,16
1618272361.423125,2236193.000,4879,1,B%,1,100,16
1618272362.423044,2237162.000,5059,1,B%,1,100,16
1618272363.418835,2238127.000,5220,1,B%,1,100,16
1618272364.419786,2239097.000,5400,1,B%,1,100,16
1618272365.416610,2240063.000,5562,1,B%,1,100,15
1618272366.417561,2241033.000,5730,1,B%,1,100,15
1618272367.413352,2241998.000,5908,1,B%,1,100,16
1618272368.412239,2242966.000,6069,1,B%,1,100,16
1618272369.408031,2243931.000,6249,1,B%,1,100,16
1618272370.410013,2244902.000,6411,1,B%,1,100,16
1618272371.407869,2245869.000,6596,1,B%,1,100,17
1618272372.406756,2246837.000,6757,1,B%,1,100,16
1618272373.404611,2247804.000,6937,1,B%,1,100,15
1618272374.403498,2248772.000,7099,1,B%,1,100,16
1618272375.399290,2249737.000,7279,1,B%,1,100,16
1618272376.397145,2250704.000,7445,1,B%,1,100,16
1618272377.397064,2251673.000,7625,1,B%,1,100,16
1618272378.393888,2252639.000,7805,1,B%,1,100,16
1618272379.392775,2253607.000,7967,1,B%,1,100,15
1618272380.390630,2254574.000,8147,1,B%,1,100,16
1618272381.391581,2255544.000,8308,1,B%,1,100,16
1618272382.387372,2256509.000,8493,1,B%,1,100,16
1618272383.386260,2257477.000,8655,1,B%,1,100,16
1618272384.385147,2258445.000,8835,1,B%,1,100,16
1618272385.386098,2259415.000,8996,1,B%,1,100,16
1618272386.382921,2260381.000,9175,1,B%,1,100,16
1618272387.381808,2261349.000,9343,1,B%,1,100,16
1618272388.379664,2262316.000,9522,1,B%,1,100,16
1618272389.376487,2263282.000,9684,1,B%,1,100,15
1618272390.373310,2264248.000,9863,1,B%,1,100,16
1618272391.373230,2265217.000,10026,1,B%,1,100,16
1618272392.373148,2266186.000,10211,1,B%,1,100,16
1618272393.369972,2267152.000,10372,1,B%,1,100,16
1618272394.371955,2268123.000,10551,1,B%,1,100,16
1618272395.369810,2269090.000,10714,1,B%,1,100,16
1618272396.370761,2270060.000,10893,1,B%,1,100,16
1618272397.366553,2271025.000,11055,1,B%,1,100,16
1618272398.365440,2271993.000,11239,1,B%,1,100,15
1618272399.360199,2272957.000,11402,1,B%,1,100,15
1618272400.361150,2273927.000,11581,1,B%,1,100,16
1618272401.357974,2274893.000,11743,1,B%,1,100,16
1618272402.356861,2275861.000,11922,1,B%,1,100,16
1618272403.353684,2276827.000,12106,1,B%,1,100,16
1618272404.353603,2277796.000,12269,1,B%,1,100,15
1618272405.349395,2278761.000,12447,1,B%,1,100,16
1618272406.349314,2279730.000,12609,1,B%,1,100,15
1618272407.349233,2280699.000,12788,1,B%,1,100,15
1618272408.348120,2281667.000,12955,1,B%,1,100,15
1618272409.347007,2282635.000,13135,1,B%,1,100,15
1618272410.345894,2283603.000,13296,1,B%,1,100,16
1618272411.343750,2284570.000,13477,1,B%,1,100,16
1618272412.339541,2285535.000,13639,1,B%,1,100,16
1618272413.337396,2286502.000,13819,1,B%,1,100,15
1618272414.335252,2287469.000,14004,1,B%,1,100,16
1618272415.335171,2288438.000,14165,1,B%,1,100,16
1618272416.331994,2289404.000,14345,1,B%,1,100,16
1618272417.332945,2290374.000,14507,1,B%,1,100,15
1618272418.330800,2291341.000,14686,1,B%,1,100,15
1618272419.329688,2292309.000,14870,1,B%,1,100,15
1618272420.326511,2293275.000,15032,1,B%,1,100,15
1618272421.326430,2294244.000,15210,1,B%,1,100,15
1618272422.325317,2295212.000,15373,1,B%,1,100,15
1618272423.323172,2296179.000,15552,1,B%,1,100,16
1618272424.323092,2297148.000,15718,1,B%,1,100,16
1618272425.320947,2298115.000,15898,1,B%,1,100,15
1618272426.318802,2299082.000,16060,1,B%,1,100,16
1618272427.314594,2300047.000,16240,1,B%,1,100,16
1618272428.312449,2301014.000,16401,1,B%,1,100,15
1618272429.308240,2301979.000,16581,1,B%,1,100,14
1618272430.309191,2302949.000,16766,1,B%,1,100,15
1618272431.307046,2303916.000,16928,1,B%,1,100,15
1618272432.307997,2304886.000,17108,1,B%,1,100,15
1618272433.305853,2305853.000,17269,1,B%,1,100,15
1618272434.305772,2306822.000,17449,1,B%,1,100,15
1618272435.299500,2307785.000,17616,1,B%,1,100,15
1618272436.298387,2308753.000,17796,1,B%,1,100,15
1618272437.296242,2309720.000,17957,1,B%,1,100,15
1618272438.294097,2310687.000,18138,1,B%,1,100,15
1618272439.290920,2311653.000,18300,1,B%,1,100,15
1618272440.291872,2312623.000,18484,1,B%,1,100,15
1618272441.288695,2313589.000,18646,1,B%,1,100,14
1618272442.286550,2314556.000,18825,1,B%,1,100,14
1618272443.284405,2315523.000,18988,1,B%,1,100,14
1618272444.284325,2316492.000,19167,1,B%,1,100,14
1618272445.283212,2317460.000,19334,1,B%,1,100,14
1618272446.281067,2318427.000,19513,1,B%,1,100,15
1618272447.279954,2319395.000,19676,1,B%,1,100,14
1618272448.278841,2320363.000,19855,1,B%,1,100,14
1618272449.275665,2321329.000,20033,1,B%,1,100,15
1618272450.270424,2322293.000,20196,1,B%,1,100,14
1618272451.269311,2323261.000,20379,1,B%,1,100,15
1618272452.267167,2324228.000,20541,1,B%,1,100,15
1618272453.266054,2325196.000,20721,1,B%,1,100,15
1618272454.264941,2326164.000,20882,1,B%,1,100,15
1618272455.265892,2327134.000,21062,1,B%,1,100,14
1618272456.263747,2328101.000,21211,1,B%,1,100,13
1618272457.261603,2329068.000,21391,1,B%,1,100,14
1618272458.259458,2330035.000,21571,1,B%,1,100,15
1618272459.256281,2331001.000,21732,1,B%,1,100,14
1618272460.254137,2331968.000,21912,1,B%,1,100,15
1618272461.253024,2332936.000,22079,1,B%,1,100,15
1618272462.252943,2333905.000,22258,1,B%,1,100,15
1618272463.249766,2334871.000,22420,1,B%,1,100,15
1618272464.250717,2335841.000,22599,1,B%,1,100,15
1618272465.245477,2336805.000,22777,1,B%,1,100,15
1618272466.245396,2337774.000,22940,1,B%,1,100,16
1618272467.244283,2338742.000,23124,1,B%,1,100,15
1618272468.243170,2339710.000,23285,1,B%,1,100,15
1618272469.238962,2340675.000,23465,1,B%,1,100,14
1618272470.239913,2341645.000,23628,1,B%,1,100,14
1618272471.236736,2342611.000,23808,1,B%,1,100,13
1618272472.234591,2343578.000,23974,1,B%,1,100,14
1618272473.231415,2344544.000,24154,1,B%,1,100,14
1618272474.232366,2345514.000,24316,1,B%,1,100,14
1618272475.229189,2346480.000,24496,1,B%,1,100,15
1618272476.229108,2347449.000,24657,1,B%,1,100,15
1618272477.229027,2348418.000,24842,1,B%,1,100,14
1618272478.227914,2349386.000,25022,1,B%,1,100,14
1618272479.225770,2350353.000,25184,1,B%,1,100,14
1618272480.222593,2351319.000,25364,1,B%,1,100,14
1618272481.219416,2352285.000,25525,1,B%,1,100,14
1618272482.218303,2353253.000,25705,1,B%,1,100,14
1618272483.215127,2354219.000,25872,1,B%,1,100,14
1618272484.214014,2355187.000,26051,1,B%,1,100,13
1618272485.214965,2356157.000,26230,1,B%,1,100,14
1618272486.211788,2357123.000,26392,1,B%,1,100,14
1618272487.210675,2358091.000,26570,1,B%,1,100,14
1618272488.208531,2359058.000,26737,1,B%,1,100,14
1618272489.206386,2360025.000,26917,1,B%,1,100,14
1618272490.204242,2360992.000,27078,1,B%,1,100,14
1618272491.205192,2361962.000,27258,1,B%,1,100,14
1618272492.204080,2362930.000,27438,1,B%,1,100,14
1618272493.202967,2363898.000,27605,1,B%,1,100,14
1618272494.200822,2364865.000,27785,1,B%,1,100,14
1618272495.196614,2365830.000,27946,1,B%,1,100,14
1618272496.194469,2366797.000,28125,1,B%,1,100,14
1618272497.194388,2367766.000,28288,1,B%,1,100,14
1618272498.191211,2368732.000,28473,1,B%,1,100,14
1618272499.188035,2369698.000,28634,1,B%,1,100,14
1618272500.190017,2370669.000,28814,1,B%,1,100,14
1618272501.186841,2371635.000,28976,1,B%,1,100,14
1618272502.185728,2372603.000,29156,1,B%,1,100,14
1618272503.183583,2373570.000,29317,1,B%,1,100,13
1618272504.183502,2374539.000,29501,1,B%,1,100,14
1618272505.179294,2375504.000,29679,1,B%,1,100,14
1618272506.178181,2376472.000,29843,1,B%,1,100,14
1618272507.177068,2377440.000,30021,1,B%,1,100,14
1618272508.175955,2378408.000,30182,1,B%,1,100,14
1618272509.170715,2379372.000,30367,1,B%,1,100,14
1618272510.169602,2380340.000,30529,1,B%,1,100,14
1618272511.166425,2381306.000,30709,1,B%,1,100,13
1618272512.166345,2382275.000,30870,1,B%,1,100,13
1618272513.163168,2383241.000,31050,1,B%,1,100,13
1618272514.163087,2384210.000,31235,1,B%,1,100,13
1618272515.164038,2385180.000,31397,1,B%,1,100,13
1618272516.162925,2386148.000,31577,1,B%,1,100,14
1618272517.159749,2387114.000,31738,1,B%,1,100,14
1618272518.158636,2388082.000,31918,1,B%,1,100,14
1618272519.154427,2389047.000,32080,1,B%,1,100,14
1618272520.151251,2390013.000,32265,1,B%,1,100,14
1618272521.150138,2390981.000,32426,1,B%,1,100,14
1618272522.150057,2391950.000,32606,1,B%,1,100,14
1618272523.149976,2392919.000,32768,1,B%,1,100,13
1618272524.148863,2393887.000,32947,1,B%,1,100,13
1618272525.146718,2394854.000,33113,1,B%,1,100,13
1618272526.145606,2395822.000,33275,1,B%,1,100,13
1618272527.145525,2396791.000,33455,1,B%,1,100,14
1618272528.141316,2397756.000,33616,1,B%,1,100,14
1618272529.139171,2398723.000,33796,1,B%,1,100,14
1618272530.139091,2399692.000,33964,1,B%,1,100,14
1618272531.139009,2400661.000,34125,1,B%,1,100,13
1618272532.135833,2401627.000,34305,1,B%,1,100,14
1618272533.134720,2402595.000,34467,1,B%,1,100,14
1618272534.132575,2403562.000,34646,1,B%,1,100,14
1618272535.129399,2404528.000,34807,1,B%,1,100,14
1618272536.129318,2405497.000,34973,1,B%,1,100,14
1618272537.129237,2406466.000,35153,1,B%,1,100,14
1618272538.130188,2407436.000,35333,1,B%,1,100,14
1618272539.125979,2408401.000,35494,1,B%,1,100,14
1618272540.123835,2409368.000,35674,1,B%,1,100,13
1618272541.121690,2410335.000,35841,1,B%,1,100,13
1618272542.119545,2411302.000,36004,1,B%,1,100,13
1618272543.115337,2412267.000,36182,1,B%,1,100,13
1618272544.117320,2413238.000,36346,1,B%,1,100,14
1618272545.116207,2414206.000,36524,1,B%,1,100,14
1618272546.116126,2415175.000,36675,1,B%,1,100,14
1618272547.112949,2416141.000,36855,1,B%,1,100,14
1618272548.113900,2417111.000,37035,1,B%,1,100,14
1618272549.110723,2418077.000,37196,1,B%,1,100,14
1618272550.108579,2419044.000,37376,1,B%,1,100,13
1618272551.108498,2420013.000,37538,1,B%,1,100,13
1618272552.108417,2420982.000,37703,1,B%,1,100,13
1618272553.106272,2421949.000,37883,1,B%,1,100,13
